id,first_name,last_name,email,gender,ip_address
1,Derrick,Ropkins,dropkins0@theatlantic.com,Male,240.238.14.17
2,Benetta,Kenright,bkenright1@zimbio.com,Genderqueer,15.146.64.115
3,Jolyn,Benam,jbenam2@yellowpages.com,Female,48.109.69.246
4,Billie,Lear,blear3@princeton.edu,Male,100.43.90.213
5,Daphene,Mackley,dmackley4@samsung.com,Female,55.217.50.114
6,Goddard,Lefever,glefever5@yolasite.com,Male,90.114.39.118
7,Phedra,Ferrieroi,pferrieroi6@nydailynews.com,Bigender,249.174.168.229
8,Bradan,Emery,bemery7@wired.com,Male,109.40.159.206
9,Rebekah,Kiddie,rkiddie8@squidoo.com,Female,188.93.198.240
10,Jordana,Laight,jlaight9@bing.com,Female,60.24.80.247
11,Winne,Behnke,wbehnkea@a8.net,Polygender,35.84.91.208
12,Melicent,Flowerdew,mflowerdewb@unesco.org,Female,204.180.97.187
13,Martha,Bulley,mbulleyc@github.io,Female,36.149.197.124
14,Cherida,Unworth,cunworthd@soundcloud.com,Female,108.22.95.5
15,Ado,MacDonagh,amacdonaghe@free.fr,Male,149.233.56.236
16,Lavena,Busfield,lbusfieldf@accuweather.com,Female,162.232.48.231
17,Fields,Harston,fharstong@squarespace.com,Male,147.243.191.13
18,Marcelia,Sowley,msowleyh@digg.com,Female,50.6.249.233
19,Grier,Ingarfield,gingarfieldi@omniture.com,Genderqueer,245.137.157.179
20,Corbett,Butrimovich,cbutrimovichj@dagondesign.com,Agender,244.71.179.111
21,Winfred,Barsby,wbarsbyk@illinois.edu,Male,155.165.119.100
22,Vinita,Boucher,vboucherl@networkadvertising.org,Female,174.62.44.117
23,Cornie,Ditter,cditterm@bandcamp.com,Bigender,114.247.85.212
24,Xaviera,Debling,xdeblingn@nydailynews.com,Female,100.1.181.126
25,Thaddeus,Dayne,tdayneo@1und1.de,Agender,204.31.201.251
26,Conn,Spinney,cspinneyp@bing.com,Male,142.161.12.79
27,Eustace,Parnham,eparnhamq@trellian.com,Male,153.130.67.18
28,Iggy,Beeck,ibeeckr@weather.com,Male,2.201.126.87
29,Osmund,Sextie,osexties@icq.com,Bigender,204.117.62.249
30,Cristy,Mallon,cmallont@pbs.org,Female,243.24.90.123
31,Cari,Pidcock,cpidcocku@nbcnews.com,Female,25.219.219.178
32,Creigh,Sabban,csabbanv@un.org,Male,15.177.132.68
33,Stevena,Oxer,soxerw@printfriendly.com,Female,13.61.214.176
34,Kellina,Jonczyk,kjonczykx@independent.co.uk,Female,250.9.123.167
35,Oneida,Derrington,oderringtony@hubpages.com,Female,49.126.32.137
36,Kalil,Taig,ktaigz@ow.ly,Male,42.78.242.30
37,Nyssa,Burkill,nburkill10@cloudflare.com,Female,135.184.93.90
38,Hamish,Beatens,hbeatens11@senate.gov,Male,114.128.79.160
39,Rafaello,Tidball,rtidball12@fotki.com,Male,144.174.101.33
40,Tallie,Meddick,tmeddick13@geocities.com,Male,63.160.165.142
41,Frazer,Jacob,fjacob14@dyndns.org,Male,46.196.164.196
42,Bessie,Habgood,bhabgood15@utexas.edu,Bigender,3.155.88.207
43,Matthaeus,Burchatt,mburchatt16@paginegialle.it,Male,130.144.240.86
44,Ariel,Staunton,astaunton17@census.gov,Female,13.133.208.5
45,Peta,Picknett,ppicknett18@state.gov,Female,66.44.218.33
46,Nefen,Orys,norys19@typepad.com,Male,67.130.171.244
47,Karlens,Mielnik,kmielnik1a@usatoday.com,Male,219.172.113.169
48,Darill,D'Avaux,ddavaux1b@unesco.org,Male,90.245.91.93
49,Darlleen,Brigdale,dbrigdale1c@eepurl.com,Female,82.166.40.149
50,Emlynne,Bugg,ebugg1d@indiegogo.com,Female,209.84.67.168
51,Fredi,Jordon,fjordon1e@tumblr.com,Female,102.162.91.17
52,Moshe,Ebdon,mebdon1f@ft.com,Male,224.12.42.206
53,Lia,Gyurkovics,lgyurkovics1g@washingtonpost.com,Female,5.210.98.50
54,Andrea,Brownlie,abrownlie1h@studiopress.com,Male,47.161.75.231
55,Abie,Van Der Walt,avanderwalt1i@time.com,Male,253.114.165.8
56,Terry,Larner,tlarner1j@boston.com,Male,20.54.172.7
57,Liane,Puckett,lpuckett1k@harvard.edu,Female,211.214.210.166
58,Sigismondo,Stillman,sstillman1l@imdb.com,Male,121.204.206.14
59,Andres,Langlands,alanglands1m@bloomberg.com,Male,167.194.145.8
60,Arda,Yearn,ayearn1n@accuweather.com,Bigender,179.45.59.176
61,Cal,Butterick,cbutterick1o@webnode.com,Female,64.145.36.87
62,Clemmy,Scattergood,cscattergood1p@sohu.com,Male,252.45.25.157
63,Tomlin,Toye,ttoye1q@freewebs.com,Male,200.201.205.167
64,Florence,McAuley,fmcauley1r@liveinternet.ru,Female,1.162.245.57
65,Theo,McLauchlin,tmclauchlin1s@oakley.com,Male,69.46.109.103
66,Dorolisa,Tyrone,dtyrone1t@sun.com,Female,187.17.168.160
67,Bibby,Tarzey,btarzey1u@skyrock.com,Female,100.74.58.61
68,Tarrah,Cayford,tcayford1v@ucoz.com,Female,67.197.252.176
69,Franzen,Beavis,fbeavis1w@over-blog.com,Male,77.71.0.242
70,Tanny,Tudbald,ttudbald1x@netvibes.com,Male,206.100.73.215
71,Leisha,Endersby,lendersby1y@marriott.com,Female,2.167.74.159
72,Paton,Wilcott,pwilcott1z@uol.com.br,Male,74.16.119.37
73,Roanne,Thorneloe,rthorneloe20@archive.org,Genderqueer,21.226.186.135
74,Izzy,Sauvage,isauvage21@bloglovin.com,Male,123.82.122.100
75,Blake,Flowers,bflowers22@sina.com.cn,Female,45.71.1.243
76,Ross,Lembke,rlembke23@php.net,Male,223.5.65.253
77,Raymond,Lowden,rlowden24@github.io,Male,117.148.203.70
78,Hamel,D'Orsay,hdorsay25@patch.com,Male,132.191.85.2
79,Alli,Ladd,aladd26@meetup.com,Female,31.107.54.197
80,Rog,Hixley,rhixley27@tumblr.com,Male,3.228.90.174
81,Port,Straughan,pstraughan28@amazon.de,Agender,167.73.202.26
82,Madelena,Brockley,mbrockley29@cyberchimps.com,Female,179.89.236.19
83,Donica,Gilston,dgilston2a@nasa.gov,Female,209.147.215.229
84,Linus,Flinn,lflinn2b@alibaba.com,Male,8.8.59.64
85,Caryn,MacClay,cmacclay2c@unicef.org,Female,68.246.60.11
86,Jenny,Aiston,jaiston2d@about.com,Female,155.244.165.0
87,Sybille,Ruckman,sruckman2e@indiegogo.com,Female,97.67.127.193
88,Axe,Gensavage,agensavage2f@paypal.com,Male,138.3.148.51
89,Francine,Haslehurst,fhaslehurst2g@tinypic.com,Female,234.156.33.113
90,Karlene,Pie,kpie2h@blogspot.com,Female,11.212.224.100
91,Tracey,Maken,tmaken2i@sitemeter.com,Male,4.66.88.71
92,Griz,Lovstrom,glovstrom2j@omniture.com,Male,242.27.21.15
93,Nils,Eddisforth,neddisforth2k@reverbnation.com,Male,123.167.237.191
94,Marvin,Norsister,mnorsister2l@ucla.edu,Male,53.252.154.192
95,Vivian,Kilfeather,vkilfeather2m@nydailynews.com,Female,42.137.46.155
96,Timmi,Robelow,trobelow2n@bandcamp.com,Female,156.153.132.220
97,Cherlyn,Keats,ckeats2o@prlog.org,Female,28.9.160.23
98,Forster,Satterly,fsatterly2p@marriott.com,Male,97.86.129.68
99,Parnell,Teggart,pteggart2q@hhs.gov,Male,227.92.146.206
100,Susette,Vokes,svokes2r@sourceforge.net,Female,246.217.123.155
101,Sherman,Hackleton,shackleton2s@dell.com,Male,105.54.51.35
102,Alick,Playfoot,aplayfoot2t@imgur.com,Male,69.3.57.208
103,Harvey,Featley,hfeatley2u@furl.net,Male,250.61.75.181
104,Darcee,MacAnelley,dmacanelley2v@oracle.com,Female,241.27.37.71
105,Stanly,Tenman,stenman2w@w3.org,Male,45.38.121.143
106,Aundrea,Ewenson,aewenson2x@google.co.jp,Female,63.132.40.111
107,Corenda,Mullaly,cmullaly2y@github.io,Female,58.230.184.27
108,Herrick,Hasard,hhasard2z@cnet.com,Male,3.247.76.205
109,Cortney,Chadwen,cchadwen30@reference.com,Female,250.237.242.12
110,Hamid,Western,hwestern31@google.cn,Male,131.47.243.226
111,Waylin,Myner,wmyner32@quantcast.com,Male,87.133.231.56
112,Cassandra,Dible,cdible33@chron.com,Female,8.1.79.219
113,Trudi,Rizzelli,trizzelli34@nhs.uk,Female,78.178.78.19
114,Myles,Skillington,mskillington35@cam.ac.uk,Male,6.165.27.178
115,Callie,Cabane,ccabane36@alexa.com,Female,219.15.165.199
116,Maddie,Lawerence,mlawerence37@multiply.com,Male,163.157.105.196
117,Terrye,Merrikin,tmerrikin38@livejournal.com,Female,115.156.84.65
118,Levy,Guilbert,lguilbert39@yahoo.com,Male,230.153.69.57
119,Luther,Whaley,lwhaley3a@mtv.com,Agender,187.104.108.111
120,Annmarie,MacGibbon,amacgibbon3b@weibo.com,Female,225.61.232.14
121,Deonne,todor,dtodor3c@biblegateway.com,Female,44.208.25.10
122,Kori,Bonifacio,kbonifacio3d@comsenz.com,Female,176.28.168.173
123,Brit,Gable,bgable3e@twitter.com,Female,222.88.23.159
124,Rowen,Champerlen,rchamperlen3f@e-recht24.de,Male,22.236.241.153
125,Emmie,McVitie,emcvitie3g@nifty.com,Female,72.55.218.146
126,Maurizio,Coles,mcoles3h@constantcontact.com,Male,204.33.183.165
127,George,Lamke,glamke3i@virginia.edu,Male,144.64.176.92
128,Sax,Proudlock,sproudlock3j@hatena.ne.jp,Male,48.88.19.110
129,Saunder,Chaytor,schaytor3k@studiopress.com,Male,135.184.134.99
130,Annissa,Boards,aboards3l@phpbb.com,Female,197.44.182.206
131,Emelen,Bourges,ebourges3m@opensource.org,Male,8.241.18.140
132,Jedediah,Lougheed,jlougheed3n@who.int,Male,109.74.9.106
133,Anett,Hail,ahail3o@foxnews.com,Female,166.100.162.201
134,Remington,Jurn,rjurn3p@google.cn,Male,178.182.33.40
135,Alain,Reeve,areeve3q@elpais.com,Male,179.248.80.233
136,Morganne,Dobkin,mdobkin3r@opera.com,Agender,75.136.248.230
137,Rochester,Freake,rfreake3s@nationalgeographic.com,Male,69.169.44.57
138,Dannel,Asel,dasel3t@reddit.com,Male,16.211.142.163
139,Leanna,Bengochea,lbengochea3u@hibu.com,Polygender,77.145.114.149
140,Brantley,Stitle,bstitle3v@admin.ch,Male,66.68.61.34
141,Chevalier,Towndrow,ctowndrow3w@wikipedia.org,Male,203.109.248.196
142,Haskel,Briat,hbriat3x@google.com.au,Male,79.208.96.62
143,Jo,Lyon,jlyon3y@vinaora.com,Female,140.186.230.152
144,Brittney,Biddleston,bbiddleston3z@youku.com,Female,208.77.68.57
145,Adrienne,Vise,avise40@zimbio.com,Female,142.133.151.85
146,Amalea,Simic,asimic41@livejournal.com,Female,206.219.152.236
147,Tulley,Erratt,terratt42@domainmarket.com,Male,205.196.208.221
148,Cale,Leeves,cleeves43@theglobeandmail.com,Male,67.246.237.188
149,Gwen,Tudhope,gtudhope44@xinhuanet.com,Female,77.46.141.35
150,Kent,Iddons,kiddons45@e-recht24.de,Non-binary,119.93.177.200
151,Opalina,Fidelli,ofidelli46@nbcnews.com,Female,134.242.213.44
152,Dave,Scriver,dscriver47@wiley.com,Male,108.44.149.40
153,Mandi,Heimann,mheimann48@thetimes.co.uk,Female,13.42.41.188
154,Lori,Connechy,lconnechy49@microsoft.com,Female,77.153.17.2
155,Genevieve,Eddoes,geddoes4a@aboutads.info,Female,201.221.28.191
156,Joline,Pourvoieur,jpourvoieur4b@cdc.gov,Female,224.109.234.75
157,Dominick,Satterlee,dsatterlee4c@github.io,Male,252.94.233.133
158,Ignatius,Gowler,igowler4d@weibo.com,Male,78.65.10.22
159,Garvey,Stenett,gstenett4e@ycombinator.com,Male,179.180.62.68
160,Ruthe,Browell,rbrowell4f@marketwatch.com,Female,174.226.184.232
161,Ogdan,Waadenburg,owaadenburg4g@nymag.com,Male,95.152.117.74
162,Monte,Paolinelli,mpaolinelli4h@hubpages.com,Male,84.247.200.225
163,Joice,Pyner,jpyner4i@myspace.com,Female,123.205.84.205
164,Madelina,Lyttle,mlyttle4j@ibm.com,Female,244.53.168.133
165,Maison,Leatherbarrow,mleatherbarrow4k@google.com.au,Male,131.59.74.209
166,Deeyn,Attoe,dattoe4l@netlog.com,Female,141.158.109.212
167,Rourke,Tebbs,rtebbs4m@themeforest.net,Male,164.60.133.139
168,Jeane,Blaber,jblaber4n@lulu.com,Female,171.164.184.158
169,Tibold,Keirle,tkeirle4o@amazonaws.com,Male,97.163.123.199
170,Dick,Mattusov,dmattusov4p@exblog.jp,Male,139.101.155.218
171,Kendricks,Waything,kwaything4q@webnode.com,Male,151.239.176.62
172,Vladamir,Gissop,vgissop4r@timesonline.co.uk,Male,13.115.66.86
173,Arden,Troman,atroman4s@usa.gov,Female,190.55.242.31
174,Emlynn,Jermin,ejermin4t@quantcast.com,Female,65.52.236.69
175,Kahlil,Leys,kleys4u@hud.gov,Male,161.117.153.50
176,Korney,Self,kself4v@indiegogo.com,Female,18.45.62.63
177,Deny,Farryn,dfarryn4w@exblog.jp,Female,89.183.72.238
178,Stan,Morin,smorin4x@businessinsider.com,Male,18.65.3.252
179,Billy,Franzetti,bfranzetti4y@rakuten.co.jp,Male,34.232.189.88
180,Annalise,Bourbon,abourbon4z@phpbb.com,Female,246.127.194.255
181,Jerry,Rilton,jrilton50@diigo.com,Female,66.239.12.171
182,Urbano,De Angelis,udeangelis51@hc360.com,Male,68.176.72.131
183,Kincaid,Ajsik,kajsik52@uol.com.br,Male,47.40.238.37
184,Rickie,Mellodey,rmellodey53@dmoz.org,Male,69.141.61.185
185,Abbie,Bramelt,abramelt54@simplemachines.org,Male,197.142.26.176
186,Cullie,Domleo,cdomleo55@lycos.com,Genderqueer,123.236.61.83
187,Donnajean,Couve,dcouve56@paginegialle.it,Bigender,67.120.141.26
188,Claiborne,Weir,cweir57@umich.edu,Male,251.185.243.221
189,Carmel,Sabate,csabate58@usatoday.com,Agender,39.220.122.9
190,Livvyy,Gerrey,lgerrey59@house.gov,Female,29.11.102.67
191,Micheil,Lau,mlau5a@upenn.edu,Male,253.247.129.197
192,Clarey,Siebart,csiebart5b@mac.com,Genderqueer,127.81.42.237
193,Elaina,Hurlston,ehurlston5c@scribd.com,Female,240.186.62.239
194,Emelina,O'Devey,eodevey5d@jigsy.com,Polygender,189.226.40.50
195,Paquito,Beric,pberic5e@so-net.ne.jp,Male,63.163.125.100
196,Cahra,Isaq,cisaq5f@msu.edu,Female,82.102.148.156
197,Darcy,Dossett,ddossett5g@printfriendly.com,Female,90.133.216.54
198,Marcela,Brownlie,mbrownlie5h@istockphoto.com,Female,171.146.76.229
199,Bertie,Purches,bpurches5i@ucoz.ru,Female,34.225.131.123
200,Jo,Brimacombe,jbrimacombe5j@exblog.jp,Female,104.74.224.140
201,Barbabas,Turpey,bturpey5k@flavors.me,Male,100.74.205.185
202,Shae,McBeath,smcbeath5l@rediff.com,Male,135.129.15.15
203,Kipp,Bonelle,kbonelle5m@reverbnation.com,Male,13.92.47.82
204,Kendal,Aisbett,kaisbett5n@guardian.co.uk,Male,102.74.238.143
205,Lorena,Hoffman,lhoffman5o@nhs.uk,Female,81.103.122.242
206,Lexi,Scanderet,lscanderet5p@bandcamp.com,Female,209.39.46.186
207,Svend,Shirlaw,sshirlaw5q@friendfeed.com,Male,133.149.176.56
208,Lynn,Shark,lshark5r@ftc.gov,Male,147.65.207.204
209,Krisha,Castells,kcastells5s@weibo.com,Male,1.188.9.116
210,Corty,Kobel,ckobel5t@ihg.com,Male,129.32.79.14
211,Wilma,Ollerton,wollerton5u@army.mil,Female,190.170.106.102
212,Nollie,Oxtoby,noxtoby5v@whitehouse.gov,Male,138.208.85.5
213,Davina,Burgh,dburgh5w@cpanel.net,Female,9.9.18.197
214,Patin,Huyton,phuyton5x@dyndns.org,Male,102.204.123.38
215,Rozelle,Unthank,runthank5y@cpanel.net,Female,126.32.146.0
216,Irita,Spurge,ispurge5z@ibm.com,Female,126.226.21.15
217,Vanna,Frushard,vfrushard60@chicagotribune.com,Genderqueer,146.251.253.72
218,Cami,Cahalin,ccahalin61@wunderground.com,Female,192.206.46.108
219,Tymon,Pearton,tpearton62@mysql.com,Male,227.93.20.246
220,Holly-anne,Gail,hgail63@seattletimes.com,Bigender,5.137.59.21
221,Arabele,Harnetty,aharnetty64@google.com,Female,187.144.126.15
222,Salim,Westgarth,swestgarth65@hubpages.com,Male,72.73.88.83
223,Scarlet,Frigot,sfrigot66@360.cn,Female,115.176.62.56
224,Silvia,Juleff,sjuleff67@blog.com,Female,210.90.50.67
225,Nan,Freddi,nfreddi68@utexas.edu,Female,189.253.156.166
226,Romola,Domini,rdomini69@accuweather.com,Agender,147.17.52.109
227,Brand,Synnot,bsynnot6a@cmu.edu,Male,9.30.183.228
228,Jeanine,Tsarovic,jtsarovic6b@craigslist.org,Female,183.61.91.163
229,Linn,Thebe,lthebe6c@ameblo.jp,Male,152.58.229.56
230,Hasty,Hatrick,hhatrick6d@auda.org.au,Male,4.137.0.131
231,Hattie,Spurling,hspurling6e@de.vu,Female,246.95.1.85
232,Ralph,Watting,rwatting6f@arizona.edu,Male,143.5.60.158
233,Fin,Sambrok,fsambrok6g@scribd.com,Male,81.17.113.207
234,Correna,Viel,cviel6h@who.int,Female,92.182.130.41
235,Natassia,Wilfing,nwilfing6i@pagesperso-orange.fr,Female,69.21.16.117
236,Evy,Ortiger,eortiger6j@dedecms.com,Non-binary,33.239.255.145
237,Dag,Reany,dreany6k@auda.org.au,Male,74.138.221.77
238,Bridget,Stanbra,bstanbra6l@blogger.com,Female,150.127.114.165
239,Dorrie,Affleck,daffleck6m@photobucket.com,Female,206.10.170.179
240,Noe,Standrin,nstandrin6n@comsenz.com,Male,15.71.115.119
241,Shelby,Twiddell,stwiddell6o@oaic.gov.au,Male,99.86.11.46
242,Alta,Longhorne,alonghorne6p@utexas.edu,Female,177.164.169.241
243,Meryl,Augur,maugur6q@ebay.co.uk,Male,72.141.92.203
244,Inger,Belchamp,ibelchamp6r@t-online.de,Male,2.188.33.42
245,Fletcher,Broadbridge,fbroadbridge6s@photobucket.com,Male,100.182.123.125
246,Florie,Belshaw,fbelshaw6t@noaa.gov,Female,148.118.194.53
247,Bern,Steanson,bsteanson6u@spotify.com,Male,198.94.100.8
248,Jessa,Karolczyk,jkarolczyk6v@sina.com.cn,Female,65.118.14.164
249,Waylin,Coggan,wcoggan6w@earthlink.net,Male,236.33.150.179
250,Dael,Hamlin,dhamlin6x@mapquest.com,Non-binary,127.200.30.102
251,Biddie,Frankiss,bfrankiss6y@gov.uk,Female,69.99.10.177
252,Rosamund,Nanuccioi,rnanuccioi6z@instagram.com,Female,45.144.111.39
253,Evvy,Michal,emichal70@google.cn,Female,234.39.5.92
254,Aubry,Bailes,abailes71@google.co.jp,Female,250.75.0.34
255,Jami,McIlhagga,jmcilhagga72@usda.gov,Female,153.169.143.2
256,Billi,Holehouse,bholehouse73@delicious.com,Female,115.231.138.200
257,Jermaine,Shawcroft,jshawcroft74@networksolutions.com,Female,18.72.138.160
258,Carroll,Torvey,ctorvey75@accuweather.com,Male,52.218.110.57
259,Ravi,Lumb,rlumb76@guardian.co.uk,Male,222.145.2.71
260,Mallory,Ratnage,mratnage77@skyrock.com,Polygender,27.124.48.246
261,Sergent,Vlasyuk,svlasyuk78@alibaba.com,Male,230.89.100.75
262,Ginny,Aldwick,galdwick79@hugedomains.com,Female,34.245.195.183
263,Cherin,Scinelli,cscinelli7a@chron.com,Female,72.210.92.34
264,Francyne,Ary,fary7b@flickr.com,Female,70.69.237.52
265,Alic,Jorg,ajorg7c@woothemes.com,Male,217.98.136.203
266,Claire,Francey,cfrancey7d@businessweek.com,Male,134.12.181.47
267,Christy,Scone,cscone7e@cargocollective.com,Female,166.122.75.149
268,Rory,Awmack,rawmack7f@godaddy.com,Female,12.120.113.196
269,Benn,Gallimore,bgallimore7g@altervista.org,Male,79.233.200.244
270,Karlotta,Barwick,kbarwick7h@ezinearticles.com,Female,237.218.153.248
271,Moishe,Vorley,mvorley7i@woothemes.com,Male,225.126.99.120
272,James,Bellany,jbellany7j@princeton.edu,Male,194.67.121.248
273,Dinnie,Readett,dreadett7k@yolasite.com,Female,247.113.65.40
274,Alyce,Antoniak,aantoniak7l@hexun.com,Female,252.245.26.205
275,Nikki,Laidler,nlaidler7m@wikimedia.org,Male,79.38.53.126
276,Shaun,Pleat,spleat7n@seesaa.net,Female,53.72.25.238
277,Tobie,Fee,tfee7o@wsj.com,Non-binary,12.14.150.156
278,Rosalia,Cutford,rcutford7p@hexun.com,Female,254.75.169.1
279,Alix,Broadis,abroadis7q@fema.gov,Female,110.37.197.44
280,Reynold,Gluyas,rgluyas7r@newsvine.com,Male,228.199.136.185
281,Sigfrid,Eversfield,seversfield7s@usa.gov,Male,54.218.98.53
282,Penn,Tremellan,ptremellan7t@ucoz.com,Male,105.200.217.46
283,Carmelle,Plumridege,cplumridege7u@ox.ac.uk,Female,168.51.172.43
284,Elianora,Tythacott,etythacott7v@reverbnation.com,Female,123.184.132.130
285,Savina,Rogers,srogers7w@live.com,Female,29.18.178.233
286,Adam,Brickell,abrickell7x@stumbleupon.com,Male,141.177.99.76
287,Luelle,Brothers,lbrothers7y@g.co,Female,229.117.127.72
288,Benjamin,Glusby,bglusby7z@w3.org,Male,244.109.220.22
289,Heall,Nassie,hnassie80@joomla.org,Male,64.130.106.128
290,Eben,Moen,emoen81@bizjournals.com,Male,254.139.161.47
291,Calhoun,Kubyszek,ckubyszek82@baidu.com,Male,167.16.70.173
292,Claudine,Malec,cmalec83@amazon.co.uk,Female,170.254.47.107
293,Lily,Colledge,lcolledge84@mit.edu,Female,113.90.99.137
294,Averell,Colquite,acolquite85@ifeng.com,Male,70.17.190.86
295,Garwood,Bendtsen,gbendtsen86@odnoklassniki.ru,Male,215.172.134.222
296,Krystyna,Slucock,kslucock87@chron.com,Female,18.3.128.35
297,Francis,Seebert,fseebert88@fastcompany.com,Male,98.36.71.90
298,Cherish,Risebarer,crisebarer89@google.it,Female,214.181.188.120
299,Gardie,Yurchenko,gyurchenko8a@shareasale.com,Male,99.185.216.52
300,Katharina,Gimbart,kgimbart8b@yolasite.com,Female,228.208.58.160
301,Elvera,Vales,evales8c@google.it,Female,212.159.20.212
302,Tierney,Tyrer,ttyrer8d@prweb.com,Female,102.203.174.194
303,Nolan,Cluckie,ncluckie8e@addtoany.com,Male,19.21.115.225
304,Ingrim,Lendon,ilendon8f@webs.com,Male,212.65.253.28
305,Manuel,Murtagh,mmurtagh8g@alexa.com,Male,186.194.118.93
306,Cesare,Grooby,cgrooby8h@dmoz.org,Male,125.111.210.165
307,Horatius,Bannell,hbannell8i@ibm.com,Male,47.201.134.32
308,Armstrong,Baudoux,abaudoux8j@nydailynews.com,Male,113.240.29.156
309,Milton,Sawden,msawden8k@printfriendly.com,Male,180.213.2.17
310,Faunie,Seeborne,fseeborne8l@trellian.com,Female,86.33.187.224
311,Emmott,Jordeson,ejordeson8m@cisco.com,Genderqueer,72.132.106.31
312,Nerti,Pellew,npellew8n@barnesandnoble.com,Female,91.99.70.50
313,Nona,Uccelli,nuccelli8o@state.tx.us,Agender,202.104.175.67
314,Willa,McGucken,wmcgucken8p@forbes.com,Female,103.44.251.10
315,Papageno,Beville,pbeville8q@wsj.com,Male,127.131.16.7
316,Reuven,Kees,rkees8r@jugem.jp,Male,63.210.2.187
317,Stefano,Skitch,sskitch8s@vk.com,Male,84.237.16.146
318,Gwendolyn,Espada,gespada8t@apple.com,Female,58.67.188.44
319,Noella,McCrostie,nmccrostie8u@census.gov,Female,131.172.51.203
320,Irwin,Daoust,idaoust8v@globo.com,Male,18.63.191.20
321,Kara,Russi,krussi8w@reddit.com,Female,170.201.102.247
322,Malena,Ditchett,mditchett8x@reference.com,Female,89.66.69.24
323,Bary,Thresher,bthresher8y@amazon.co.jp,Male,254.128.174.136
324,Nye,Hollow,nhollow8z@angelfire.com,Male,32.55.96.137
325,Deonne,Winterborne,dwinterborne90@histats.com,Female,16.39.87.204
326,Skell,McAline,smcaline91@blogtalkradio.com,Male,69.1.197.66
327,Marlowe,Regi,mregi92@dailymail.co.uk,Male,124.213.136.233
328,Yasmin,Georgievski,ygeorgievski93@gizmodo.com,Female,235.251.34.248
329,Derrick,Skitch,dskitch94@gravatar.com,Male,32.29.156.127
330,Merrick,O' Hogan,mohogan95@merriam-webster.com,Male,130.228.90.233
331,Carin,Mitro,cmitro96@php.net,Female,110.145.233.108
332,Carey,Semple,csemple97@nationalgeographic.com,Female,149.156.138.99
333,Toby,Dyster,tdyster98@nytimes.com,Male,42.110.229.101
334,Bianka,Palphreyman,bpalphreyman99@berkeley.edu,Female,63.8.3.128
335,Hadrian,Upsale,hupsale9a@opera.com,Non-binary,3.60.103.142
336,Peder,Isenor,pisenor9b@comsenz.com,Male,96.62.153.31
337,Tann,Shoard,tshoard9c@jugem.jp,Male,129.49.37.165
338,Luise,Caldairou,lcaldairou9d@moonfruit.com,Female,182.72.13.15
339,Darlene,Alltimes,dalltimes9e@globo.com,Female,203.147.186.114
340,Waylon,Dallewater,wdallewater9f@telegraph.co.uk,Non-binary,185.197.165.122
341,Susanne,Dragoe,sdragoe9g@infoseek.co.jp,Female,176.135.176.97
342,Ugo,Tuvey,utuvey9h@ezinearticles.com,Male,175.101.60.136
343,Vera,Pautard,vpautard9i@yahoo.com,Female,6.120.163.164
344,Thatch,Livingstone,tlivingstone9j@wikipedia.org,Male,148.181.59.95
345,Barby,Ruffli,bruffli9k@networksolutions.com,Female,105.114.77.207
346,Artur,Fullstone,afullstone9l@dyndns.org,Genderqueer,191.74.58.47
347,Reggie,Cabell,rcabell9m@fema.gov,Male,25.92.103.165
348,Flore,Spinks,fspinks9n@cbc.ca,Female,169.255.215.249
349,Dara,Colton,dcolton9o@storify.com,Female,7.228.157.94
350,Karel,Hawkridge,khawkridge9p@illinois.edu,Female,241.41.61.62
351,Launce,Schusterl,lschusterl9q@fotki.com,Male,200.121.21.184
352,Friedrick,Marshfield,fmarshfield9r@google.fr,Male,139.110.176.219
353,Tally,Di Meo,tdimeo9s@hud.gov,Female,16.253.87.26
354,Dorthy,Casswell,dcasswell9t@fastcompany.com,Female,12.199.200.35
355,Efren,Redhead,eredhead9u@xinhuanet.com,Male,25.129.219.59
356,Francisca,Larciere,flarciere9v@godaddy.com,Female,198.216.177.122
357,Pippy,Etridge,petridge9w@yale.edu,Female,206.176.255.65
358,Modesty,Gillingham,mgillingham9x@hubpages.com,Female,96.149.245.30
359,Anatollo,Baudou,abaudou9y@umich.edu,Male,27.167.126.147
360,Lindsay,Polamontayne,lpolamontayne9z@ucsd.edu,Male,140.214.108.50
361,Nicolea,Leebeter,nleebetera0@51.la,Female,35.118.80.61
362,Janenna,Switsur,jswitsura1@artisteer.com,Female,123.160.184.76
363,Nonnah,Kilfether,nkilfethera2@networksolutions.com,Female,149.35.5.73
364,Anallise,Brixey,abrixeya3@alexa.com,Female,194.55.238.238
365,Hershel,Keune,hkeunea4@sphinn.com,Male,114.129.253.100
366,Anya,Hodges,ahodgesa5@parallels.com,Female,210.195.117.148
367,Charity,Rilton,criltona6@newsvine.com,Female,171.11.90.199
368,Alikee,Tripcony,atripconya7@wikia.com,Female,253.154.211.227
369,Sheffy,Willgrass,swillgrassa8@vistaprint.com,Male,15.165.222.89
370,Kala,Dufore,kduforea9@a8.net,Genderqueer,165.254.31.3
371,Jeanette,Ryburn,jryburnaa@last.fm,Female,136.141.146.122
372,Claudianus,Goosnell,cgoosnellab@nasa.gov,Male,248.186.55.170
373,Jeth,Garrett,jgarrettac@networksolutions.com,Agender,252.254.91.90
374,Hetty,Mutch,hmutchad@netscape.com,Female,58.57.145.226
375,Tuesday,Varfalameev,tvarfalameevae@yellowpages.com,Female,146.87.37.86
376,Oswald,Bartolomeazzi,obartolomeazziaf@imdb.com,Male,241.68.82.211
377,Tasia,Pettengell,tpettengellag@skype.com,Female,187.136.39.39
378,Marshal,Itter,mitterah@mit.edu,Male,78.252.150.225
379,Marketa,Meadley,mmeadleyai@tiny.cc,Female,179.195.196.194
380,Emelina,Calderon,ecalderonaj@bigcartel.com,Non-binary,252.160.214.19
381,Pavla,Mowle,pmowleak@indiegogo.com,Polygender,198.188.134.177
382,Lucy,Denisevich,ldenisevichal@tuttocitta.it,Female,180.6.97.98
383,Shaun,Mewis,smewisam@craigslist.org,Male,13.92.27.87
384,Doria,MacCurlye,dmaccurlyean@e-recht24.de,Female,102.168.206.177
385,Eddie,Schiefersten,eschieferstenao@wisc.edu,Male,134.247.103.5
386,Rochella,Quinet,rquinetap@dedecms.com,Female,116.125.95.64
387,Katina,Gotcher,kgotcheraq@sakura.ne.jp,Female,36.25.173.139
388,Lillian,Simounet,lsimounetar@linkedin.com,Female,28.8.210.111
389,Trever,Weigh,tweighas@columbia.edu,Male,99.236.188.200
390,Irving,Oles,iolesat@statcounter.com,Male,63.194.104.134
391,Crosby,Chrismas,cchrismasau@sciencedaily.com,Male,67.45.154.133
392,Caldwell,Stoneley,cstoneleyav@prweb.com,Male,89.7.104.249
393,Madel,Clohisey,mclohiseyaw@studiopress.com,Female,176.111.43.19
394,Clywd,Vasiltsov,cvasiltsovax@ucla.edu,Male,81.140.185.68
395,Timoteo,Bickle,tbickleay@marriott.com,Male,113.181.104.102
396,Amie,Enstone,aenstoneaz@engadget.com,Female,214.245.177.167
397,Alie,Hawkswood,ahawkswoodb0@washington.edu,Bigender,32.0.234.203
398,Lynn,Fiveash,lfiveashb1@comcast.net,Male,175.31.72.181
399,Sukey,Besemer,sbesemerb2@comcast.net,Female,50.11.146.4
400,Bald,Lorence,blorenceb3@friendfeed.com,Male,81.194.206.15
401,Jania,Griston,jgristonb4@google.ca,Female,239.47.50.160
402,Madge,Bowcock,mbowcockb5@businessinsider.com,Female,8.191.24.182
403,Pamella,Maltby,pmaltbyb6@booking.com,Female,78.8.85.113
404,Lela,Riedel,lriedelb7@blinklist.com,Female,137.235.34.138
405,Curran,Nornable,cnornableb8@cdbaby.com,Male,126.116.42.222
406,Emylee,Paynter,epaynterb9@ovh.net,Female,212.110.154.78
407,Mirilla,Tenaunt,mtenauntba@springer.com,Female,242.171.12.7
408,Liliane,Pingston,lpingstonbb@wordpress.org,Female,199.212.68.4
409,Krystalle,Lindberg,klindbergbc@ca.gov,Female,154.158.115.96
410,Dale,Huffa,dhuffabd@redcross.org,Female,10.121.59.158
411,Graig,Othick,gothickbe@opera.com,Male,154.8.68.107
412,Cariotta,Casserly,ccasserlybf@php.net,Female,104.253.114.94
413,Roi,Vickress,rvickressbg@vk.com,Male,219.118.171.139
414,Allyn,Adanez,aadanezbh@sun.com,Female,95.194.56.85
415,Harrietta,Wharmby,hwharmbybi@omniture.com,Female,236.165.148.135
416,Filia,Robez,frobezbj@dropbox.com,Female,181.107.240.108
417,Justis,Trousdell,jtrousdellbk@nifty.com,Male,89.111.190.231
418,Kikelia,Emmett,kemmettbl@exblog.jp,Female,9.57.10.78
419,Whitman,Lennon,wlennonbm@bloglines.com,Male,170.209.253.92
420,Lilli,Spelwood,lspelwoodbn@g.co,Female,212.110.116.179
421,Chick,Cramp,ccrampbo@dion.ne.jp,Male,243.234.136.117
422,Leonelle,Albrecht,lalbrechtbp@cdc.gov,Female,230.179.27.49
423,Mile,Beldum,mbeldumbq@un.org,Male,191.49.75.105
424,Denny,Newman,dnewmanbr@tinyurl.com,Bigender,128.186.201.49
425,Rebeka,Affuso,raffusobs@flavors.me,Female,169.137.130.22
426,Marianna,Scarborough,mscarboroughbt@narod.ru,Agender,6.8.65.32
427,Huey,Larter,hlarterbu@sakura.ne.jp,Male,127.23.31.151
428,Henrietta,Gardner,hgardnerbv@sciencedirect.com,Female,173.243.61.163
429,Pancho,Crouch,pcrouchbw@freewebs.com,Male,110.234.67.242
430,Derrik,Roft,droftbx@ocn.ne.jp,Male,219.175.129.253
431,Eugine,Gendrich,egendrichby@slideshare.net,Female,101.232.159.82
432,Bartholomeus,Illes,billesbz@posterous.com,Male,118.126.46.129
433,Jan,Devonald,jdevonaldc0@unblog.fr,Male,167.30.81.60
434,Kelcey,Andryszczak,kandryszczakc1@wp.com,Female,136.55.61.65
435,Bonnie,Easton,beastonc2@rambler.ru,Female,160.161.112.137
436,Freddy,Haston,fhastonc3@wp.com,Male,136.210.132.197
437,Derrek,Fedorchenko,dfedorchenkoc4@springer.com,Male,3.19.31.49
438,Birk,Robathon,brobathonc5@linkedin.com,Male,64.198.232.58
439,Gerianna,Towriss,gtowrissc6@yandex.ru,Female,205.156.212.195
440,Holly,Stansell,hstansellc7@google.cn,Female,58.106.181.87
441,Obidiah,Leadbetter,oleadbetterc8@fda.gov,Male,90.238.105.23
442,Florencia,Pates,fpatesc9@topsy.com,Female,188.47.67.48
443,Garvy,Facher,gfacherca@smugmug.com,Male,1.87.131.176
444,Lily,Cansdill,lcansdillcb@tmall.com,Female,239.173.2.113
445,Belia,Drewett,bdrewettcc@yahoo.co.jp,Female,212.46.30.58
446,Nathanael,Ayree,nayreecd@godaddy.com,Male,86.165.162.183
447,Link,Lissett,llissettce@networkadvertising.org,Male,15.118.147.104
448,Willi,Oxford,woxfordcf@usa.gov,Female,166.86.237.44
449,Rorie,Eakley,reakleycg@wp.com,Female,205.100.106.141
450,Ulrikaumeko,Roman,uromanch@nationalgeographic.com,Female,213.65.159.84
451,Bondon,Cormack,bcormackci@stanford.edu,Male,221.183.252.72
452,Duffie,Simonard,dsimonardcj@issuu.com,Male,242.184.176.183
453,Dyana,Aireton,dairetonck@domainmarket.com,Female,194.165.209.153
454,Conrado,Croneen,ccroneencl@csmonitor.com,Male,83.83.71.227
455,Adore,Speck,aspeckcm@nature.com,Female,195.111.144.158
456,Roanna,Fermoy,rfermoycn@naver.com,Female,107.197.101.176
457,Hesther,Mor,hmorco@paypal.com,Female,150.14.54.112
458,Garrek,Attridge,gattridgecp@boston.com,Male,152.160.48.171
459,Hasty,Kibel,hkibelcq@chicagotribune.com,Male,114.72.239.95
460,Serene,Mully,smullycr@jugem.jp,Female,255.230.188.5
461,Gussy,MacLice,gmaclicecs@omniture.com,Female,128.5.164.95
462,Caroljean,Wardel,cwardelct@ameblo.jp,Female,64.175.229.96
463,Che,McGaw,cmcgawcu@about.com,Male,27.38.239.224
464,Benedicto,Pilmore,bpilmorecv@dagondesign.com,Male,57.188.182.160
465,Jade,Shemilt,jshemiltcw@mashable.com,Bigender,245.92.108.184
466,Maxine,Bartoli,mbartolicx@friendfeed.com,Female,182.137.223.138
467,Bryanty,Dowsey,bdowseycy@engadget.com,Male,97.164.149.134
468,Wendye,Filchagin,wfilchagincz@blogs.com,Female,137.220.197.144
469,Miltie,Cerman,mcermand0@twitpic.com,Agender,51.225.178.92
470,Baron,Addams,baddamsd1@eventbrite.com,Male,187.91.22.38
471,Adolphus,Dickinson,adickinsond2@japanpost.jp,Male,68.119.244.162
472,Hubey,Cobbled,hcobbledd3@tripod.com,Male,124.202.184.234
473,Reyna,Beneyto,rbeneytod4@unesco.org,Female,65.128.231.182
474,Therese,Grint,tgrintd5@nsw.gov.au,Female,148.4.82.202
475,Hadley,Wykey,hwykeyd6@alibaba.com,Male,94.212.208.253
476,Orelle,Cahani,ocahanid7@columbia.edu,Female,164.15.46.186
477,Keelby,Eliyahu,keliyahud8@msu.edu,Male,1.110.81.90
478,Giacinta,Minger,gmingerd9@surveymonkey.com,Female,191.235.186.120
479,Kahlil,Tilliard,ktilliardda@stanford.edu,Male,207.40.241.4
480,Elmo,Lyte,elytedb@dot.gov,Male,122.214.105.86
481,Caye,Sodo,csododc@hp.com,Female,47.225.194.17
482,Taylor,Gonzales,tgonzalesdd@weebly.com,Genderqueer,79.53.168.158
483,Sadella,Apdell,sapdellde@miibeian.gov.cn,Female,227.159.9.144
484,Leila,Vitet,lvitetdf@opensource.org,Female,45.92.72.212
485,Isidora,McKearnen,imckearnendg@opera.com,Female,98.188.234.228
486,Paul,Carwithim,pcarwithimdh@nasa.gov,Male,39.102.225.191
487,Felice,Bamell,fbamelldi@opensource.org,Female,201.56.159.197
488,Linzy,Billborough,lbillboroughdj@chicagotribune.com,Female,154.120.120.39
489,Rustin,Wannop,rwannopdk@phpbb.com,Male,113.51.20.73
490,Bronson,Alldred,balldreddl@goo.ne.jp,Male,194.87.202.204
491,Madelin,Birkmyre,mbirkmyredm@dot.gov,Female,181.186.86.95
492,Suzann,Woodeson,swoodesondn@angelfire.com,Female,154.213.219.17
493,Kevon,MacCumiskey,kmaccumiskeydo@ask.com,Male,126.183.29.8
494,Gena,Mathelin,gmathelindp@howstuffworks.com,Female,204.69.143.144
495,Clevey,Choudhury,cchoudhurydq@last.fm,Genderqueer,141.105.35.86
496,Nolie,Mingotti,nmingottidr@aol.com,Female,111.58.66.93
497,Tracy,Arnot,tarnotds@nasa.gov,Male,57.135.218.82
498,Saba,Marzello,smarzellodt@clickbank.net,Agender,36.222.226.178
499,Rollin,Helbeck,rhelbeckdu@google.ca,Male,100.185.207.228
500,Bill,Ciciari,bciciaridv@usda.gov,Female,229.191.66.86
501,Brittne,Warren,bwarrendw@technorati.com,Female,176.250.35.142
502,Hartley,Noye,hnoyedx@csmonitor.com,Male,150.108.37.235
503,Norman,Boles,nbolesdy@unicef.org,Male,72.220.159.232
504,Roland,Lusher,rlusherdz@seesaa.net,Polygender,173.230.151.193
505,Florri,Bratty,fbrattye0@clickbank.net,Female,98.141.153.95
506,Arron,Jeremaes,ajeremaese1@forbes.com,Male,194.163.78.77
507,Constantine,Dymidowski,cdymidowskie2@wisc.edu,Male,117.118.137.94
508,Ivette,Rash,irashe3@ameblo.jp,Female,178.80.147.54
509,Francklin,Esselin,fesseline4@craigslist.org,Male,49.164.209.86
510,Dominique,Cheales,dchealese5@yolasite.com,Polygender,214.53.99.199
511,Hedwiga,McGloin,hmcgloine6@ebay.co.uk,Female,203.180.28.50
512,Ashlee,Castagneto,acastagnetoe7@census.gov,Genderfluid,208.187.160.65
513,Bertina,Mallender,bmallendere8@etsy.com,Female,54.198.107.122
514,Jennica,Alberts,jalbertse9@bluehost.com,Female,235.210.2.39
515,Hashim,Harsum,hharsumea@live.com,Male,66.120.187.68
516,Brinna,Lethbury,blethburyeb@miitbeian.gov.cn,Female,102.12.245.244
517,Urbain,Jopson,ujopsonec@bizjournals.com,Male,68.164.132.195
518,Antone,Redding,areddinged@soundcloud.com,Male,229.80.232.137
519,Frannie,Leed,fleedee@gravatar.com,Male,233.55.123.173
520,Ikey,Le Cornu,ilecornuef@comcast.net,Male,185.15.91.193
521,Kennith,Glanister,kglanistereg@squarespace.com,Male,143.108.56.75
522,Roanna,Delacourt,rdelacourteh@ted.com,Genderfluid,2.100.79.115
523,Elvera,Stabler,establerei@google.co.jp,Female,100.5.155.149
524,Kipp,Shrubsall,kshrubsallej@wisc.edu,Female,164.82.128.208
525,Clementina,O'Hollegan,coholleganek@wired.com,Female,35.171.149.93
526,Jameson,Lowres,jlowresel@economist.com,Male,85.17.87.28
527,Eartha,Garrard,egarrardem@creativecommons.org,Female,174.41.213.190
528,Catharine,Adiscot,cadiscoten@domainmarket.com,Female,22.250.191.100
529,Eilis,Duggen,eduggeneo@illinois.edu,Female,136.21.124.227
530,Zora,Braddock,zbraddockep@flickr.com,Female,119.208.69.242
531,Hakim,Faust,hfausteq@twitter.com,Male,115.184.49.56
532,Francisco,Pinkney,fpinkneyer@europa.eu,Male,31.59.161.103
533,Cherida,Clementson,cclementsones@vimeo.com,Female,154.231.184.67
534,Diandra,Broughton,dbroughtonet@live.com,Female,113.190.36.200
535,Rollie,Twine,rtwineeu@purevolume.com,Male,138.107.100.97
536,Amandi,Turone,aturoneev@de.vu,Female,218.3.130.72
537,Huntlee,Wyllie,hwyllieew@dagondesign.com,Male,217.131.182.136
538,Mada,Gorrissen,mgorrissenex@amazon.co.jp,Female,221.95.189.196
539,Danya,McCallion,dmccallioney@slashdot.org,Female,199.47.29.208
540,Dinny,Kemmet,dkemmetez@newyorker.com,Female,121.250.227.116
541,Vernor,Iacovone,viacovonef0@blogger.com,Male,242.199.164.158
542,Bunny,Deares,bdearesf1@ezinearticles.com,Female,139.83.224.7
543,Athene,Janzen,ajanzenf2@qq.com,Female,176.161.149.157
544,Gregorius,Chese,gchesef3@exblog.jp,Agender,183.32.123.65
545,Ferne,Calbaithe,fcalbaithef4@symantec.com,Female,118.176.166.156
546,Deonne,Rowen,drowenf5@slideshare.net,Polygender,89.79.78.100
547,Lanette,Nodes,lnodesf6@prlog.org,Genderfluid,17.104.139.185
548,Bianka,Maffin,bmaffinf7@dailymail.co.uk,Female,220.213.136.210
549,Noland,McAlister,nmcalisterf8@prnewswire.com,Male,253.147.15.180
550,Margy,Mil,mmilf9@google.co.uk,Female,161.38.200.82
551,Nat,Tyers,ntyersfa@bizjournals.com,Male,44.213.205.204
552,Sanson,Delnevo,sdelnevofb@nsw.gov.au,Male,113.64.200.231
553,Asher,Pether,apetherfc@diigo.com,Male,148.199.75.143
554,Chiarra,Pastor,cpastorfd@bravesites.com,Female,118.191.19.234
555,Tobiah,Overnell,tovernellfe@boston.com,Male,115.130.48.8
556,Suzette,Delcastel,sdelcastelff@naver.com,Female,190.219.148.94
557,Lelah,Tubridy,ltubridyfg@kickstarter.com,Female,209.81.112.159
558,Milo,Churchward,mchurchwardfh@booking.com,Agender,222.255.24.77
559,Alvan,Canedo,acanedofi@aol.com,Male,255.127.137.141
560,Bowie,Vedekhin,bvedekhinfj@youtu.be,Male,191.39.177.106
561,Rikki,Travers,rtraversfk@nba.com,Male,235.28.102.176
562,Caleb,Riditch,criditchfl@ifeng.com,Non-binary,240.136.50.157
563,Perl,Mycroft,pmycroftfm@zdnet.com,Female,217.104.101.147
564,Corenda,Barthelemy,cbarthelemyfn@sphinn.com,Genderfluid,63.69.9.186
565,Ernaline,Canwell,ecanwellfo@scribd.com,Female,213.184.147.3
566,Janaye,Wickersham,jwickershamfp@canalblog.com,Female,235.67.218.80
567,Nessa,Guy,nguyfq@yellowpages.com,Female,12.132.197.74
568,Chicky,Iacoviello,ciacoviellofr@cmu.edu,Male,226.142.173.23
569,Ange,Glowacki,aglowackifs@bloglovin.com,Male,120.159.107.145
570,Isador,Glasscott,iglasscottft@tripod.com,Male,186.34.22.100
571,Timothee,Breeton,tbreetonfu@cisco.com,Male,48.214.126.163
572,Dedra,Shepherdson,dshepherdsonfv@tripod.com,Female,23.100.114.196
573,Broderic,Ambrosi,bambrosifw@deliciousdays.com,Male,255.80.100.111
574,Leticia,Spradbery,lspradberyfx@fc2.com,Female,176.131.227.243
575,Britni,Timmins,btimminsfy@wp.com,Female,135.94.149.184
576,Benson,Gligorijevic,bgligorijevicfz@marketwatch.com,Male,16.173.100.17
577,Kenneth,Gonneau,kgonneaug0@vk.com,Male,48.54.18.69
578,Reinhard,Nafziger,rnafzigerg1@aol.com,Non-binary,238.176.57.152
579,Katalin,Bugdell,kbugdellg2@ftc.gov,Female,14.71.58.77
580,Gordie,Paddle,gpaddleg3@narod.ru,Male,3.66.172.31
581,Thacher,Leaney,tleaneyg4@forbes.com,Male,29.131.120.30
582,Thaxter,Povah,tpovahg5@google.ru,Male,133.4.71.61
583,Johann,Geelan,jgeelang6@opera.com,Male,135.48.178.103
584,Lyndell,Onslow,lonslowg7@ehow.com,Female,250.84.180.114
585,Rheba,Hunnicot,rhunnicotg8@jalbum.net,Bigender,176.228.250.24
586,Errol,Dougher,edougherg9@thetimes.co.uk,Male,22.141.117.239
587,Randy,Glede,rgledega@naver.com,Male,132.135.98.199
588,Klarrisa,Baker,kbakergb@sitemeter.com,Female,163.152.41.75
589,Mitzi,Skipp,mskippgc@craigslist.org,Female,157.251.134.208
590,Alida,Wipfler,awipflergd@tiny.cc,Female,188.87.227.202
591,Wade,Hagerty,whagertyge@chronoengine.com,Polygender,127.124.231.158
592,Missy,Cuskery,mcuskerygf@nytimes.com,Female,22.148.74.94
593,Holden,Dunbabin,hdunbabingg@fc2.com,Male,12.23.51.168
594,Astrix,Paget,apagetgh@jimdo.com,Female,89.223.158.184
595,Kasey,Fowls,kfowlsgi@netlog.com,Female,44.33.192.155
596,Liliane,Jentges,ljentgesgj@umich.edu,Polygender,182.142.144.237
597,Jeffrey,Gully,jgullygk@virginia.edu,Bigender,191.225.236.67
598,Delores,Clemon,dclemongl@businessinsider.com,Bigender,72.226.250.102
599,Susy,Dionisio,sdionisiogm@washington.edu,Female,52.127.255.168
600,Audrye,Barnicott,abarnicottgn@networkadvertising.org,Female,197.112.123.116
601,Winifield,Hawkins,whawkinsgo@mapy.cz,Male,72.249.55.113
602,Manfred,Rowlin,mrowlingp@privacy.gov.au,Male,136.24.241.206
603,Conrad,Dare,cdaregq@sitemeter.com,Male,193.209.30.161
604,Lani,Atchly,latchlygr@uiuc.edu,Genderfluid,156.232.196.118
605,Maggi,Pinn,mpinngs@wikispaces.com,Female,134.222.152.46
606,Dalt,Novakovic,dnovakovicgt@trellian.com,Male,205.238.178.86
607,Helyn,Flint,hflintgu@amazon.com,Female,53.247.170.96
608,Arney,Dodwell,adodwellgv@163.com,Male,210.175.79.214
609,Dorolisa,Paslow,dpaslowgw@feedburner.com,Female,180.128.220.13
610,Brittaney,Wethey,bwetheygx@seesaa.net,Female,237.237.90.185
611,Tedman,Ker,tkergy@gmpg.org,Male,230.126.160.36
612,Constantine,Shuxsmith,cshuxsmithgz@360.cn,Female,100.248.142.213
613,Caspar,Mowatt,cmowatth0@desdev.cn,Male,8.182.137.36
614,Basil,Gravett,bgravetth1@jalbum.net,Genderfluid,129.116.64.33
615,Forest,Dillamore,fdillamoreh2@icio.us,Genderqueer,154.52.242.187
616,Addy,Tammadge,atammadgeh3@fema.gov,Male,224.83.129.30
617,Shelli,Weighell,sweighellh4@netlog.com,Female,249.208.58.215
618,Cornell,Abrams,cabramsh5@ftc.gov,Male,163.55.252.102
619,Roi,Roscam,rroscamh6@google.com.br,Male,247.71.122.249
620,Orelia,Tynnan,otynnanh7@amazon.co.jp,Female,143.181.37.171
621,Brandais,Tunstall,btunstallh8@go.com,Female,84.42.241.245
622,Roxy,Whitebread,rwhitebreadh9@digg.com,Female,59.19.242.132
623,Koren,Giraudou,kgiraudouha@liveinternet.ru,Female,253.184.56.63
624,Phelia,Hewell,phewellhb@tinyurl.com,Female,120.48.91.117
625,Arie,Suff,asuffhc@techcrunch.com,Male,62.107.211.117
626,Desirae,Pierucci,dpieruccihd@free.fr,Female,161.2.113.201
627,Garth,Eddie,geddiehe@intel.com,Male,136.237.72.195
628,Dix,Meas,dmeashf@cyberchimps.com,Female,63.57.112.217
629,Liesa,Spurdle,lspurdlehg@yolasite.com,Female,67.52.191.89
630,Sergeant,Gamble,sgamblehh@uol.com.br,Male,158.11.240.20
631,Carilyn,Antley,cantleyhi@hud.gov,Female,32.242.221.15
632,Amelita,Rooke,arookehj@discovery.com,Female,71.70.139.132
633,Theodosia,Luckwell,tluckwellhk@reuters.com,Genderfluid,97.102.0.237
634,Lou,MacHoste,lmachostehl@gizmodo.com,Female,233.44.122.19
635,Cale,Allin,callinhm@storify.com,Male,17.29.153.63
636,Sada,Willimont,swillimonthn@simplemachines.org,Female,81.89.181.44
637,Sallee,Kummerlowe,skummerloweho@sogou.com,Female,181.62.205.52
638,Pen,Overpool,poverpoolhp@wikimedia.org,Female,71.224.213.90
639,Fae,Nowak,fnowakhq@pcworld.com,Female,172.37.129.0
640,Blondie,Dockrey,bdockreyhr@sourceforge.net,Female,63.134.31.237
641,Seward,Keitley,skeitleyhs@usatoday.com,Male,78.143.237.60
642,Diarmid,Oaten,doatenht@netlog.com,Male,64.5.198.151
643,Renee,Corpes,rcorpeshu@gov.uk,Female,114.229.143.123
644,Christyna,Rouke,croukehv@yahoo.co.jp,Female,213.160.153.228
645,Chantal,Klugman,cklugmanhw@ucsd.edu,Female,136.156.140.106
646,Shirline,Begin,sbeginhx@dagondesign.com,Female,221.253.202.9
647,Payton,Reynard,preynardhy@soundcloud.com,Male,26.16.42.108
648,Sascha,Ottey,sotteyhz@usgs.gov,Male,125.150.144.10
649,Kass,Alexandrescu,kalexandrescui0@statcounter.com,Female,188.118.179.223
650,Aliza,Greeve,agreevei1@blinklist.com,Female,236.7.125.212
651,Tabor,Stower,tstoweri2@ucla.edu,Male,197.44.133.11
652,Samantha,Wingrove,swingrovei3@ucla.edu,Female,57.224.157.107
653,Charla,Shewery,csheweryi4@loc.gov,Female,84.45.184.16
654,Constantia,Greensides,cgreensidesi5@bbb.org,Female,69.133.71.43
655,Emma,Gibbens,egibbensi6@chicagotribune.com,Female,88.81.128.9
656,Kliment,MacAllister,kmacallisteri7@vistaprint.com,Male,35.157.66.132
657,Win,Hiseman,whisemani8@theguardian.com,Male,190.86.127.22
658,Danya,Greep,dgreepi9@facebook.com,Female,188.169.99.17
659,Parrnell,Stone,pstoneia@spotify.com,Male,233.71.131.252
660,Chlo,Stoakley,cstoakleyib@dagondesign.com,Female,47.171.251.221
661,Clem,Deering,cdeeringic@gmpg.org,Agender,4.170.116.97
662,Mohammed,Stoute,mstouteid@narod.ru,Male,223.59.235.114
663,Simonette,Gowthrop,sgowthropie@usatoday.com,Female,96.123.249.164
664,Lauree,Ilott,lilottif@gnu.org,Female,16.234.254.96
665,Shepperd,Padkin,spadkinig@tiny.cc,Male,198.199.99.67
666,Bill,Van Vuuren,bvanvuurenih@webmd.com,Agender,163.205.180.158
667,Bjorn,Parmeter,bparmeterii@nih.gov,Male,243.188.59.204
668,Malinda,Rowbottom,mrowbottomij@posterous.com,Female,244.15.90.166
669,Avie,Island,aislandik@hud.gov,Female,4.181.89.35
670,Manolo,Coom,mcoomil@acquirethisname.com,Male,150.165.15.214
671,Dexter,Palfrey,dpalfreyim@privacy.gov.au,Male,158.135.93.16
672,Pen,Holliar,pholliarin@jimdo.com,Non-binary,59.254.84.189
673,Delphine,Hamnet,dhamnetio@etsy.com,Female,174.77.248.241
674,Lavina,Handforth,lhandforthip@nih.gov,Female,224.146.227.147
675,Cherin,Abramcik,cabramcikiq@npr.org,Female,215.117.18.139
676,Joan,Ohm,johmir@nhs.uk,Female,84.63.21.54
677,Melissa,Rollings,mrollingsis@irs.gov,Female,11.215.213.248
678,Chrissy,Franek,cfranekit@vimeo.com,Male,250.165.147.245
679,Alessandro,Noriega,anoriegaiu@irs.gov,Genderfluid,73.63.44.207
680,Dottie,Morland,dmorlandiv@cisco.com,Female,97.157.44.212
681,Nathalia,MacGinlay,nmacginlayiw@umn.edu,Female,63.97.177.55
682,Wendel,Redmell,wredmellix@simplemachines.org,Male,180.246.34.150
683,Jacinthe,Filipovic,jfilipoviciy@mtv.com,Female,26.123.245.200
684,Darryl,Knok,dknokiz@cmu.edu,Female,139.191.68.203
685,Caria,Claydon,cclaydonj0@woothemes.com,Female,201.101.10.84
686,Filmore,Verdon,fverdonj1@newyorker.com,Male,23.106.43.113
687,Teodoro,Daughtrey,tdaughtreyj2@networksolutions.com,Male,245.220.128.168
688,Carola,Huxster,chuxsterj3@newsvine.com,Female,162.48.162.228
689,Nat,Mattiazzi,nmattiazzij4@biglobe.ne.jp,Male,182.212.192.116
690,Jasmine,Chellenham,jchellenhamj5@ucsd.edu,Female,169.1.152.208
691,Evyn,Steuart,esteuartj6@pbs.org,Male,67.44.221.200
692,Jillene,Tippell,jtippellj7@zdnet.com,Genderqueer,181.75.138.92
693,Washington,Urquhart,wurquhartj8@artisteer.com,Non-binary,125.141.58.70
694,Kally,Cerro,kcerroj9@shop-pro.jp,Genderqueer,97.80.230.251
695,Constantine,Trappe,ctrappeja@gov.uk,Male,28.184.251.124
696,Marin,Vosper,mvosperjb@google.it,Female,111.70.62.53
697,Boycey,Cancellor,bcancellorjc@redcross.org,Male,239.172.127.111
698,Krista,Shipcott,kshipcottjd@goo.gl,Non-binary,46.65.143.117
699,Derril,Whether,dwhetherje@shinystat.com,Male,43.226.191.240
700,Brent,Raeburn,braeburnjf@who.int,Male,215.63.241.177
701,Stephie,Fowlestone,sfowlestonejg@comcast.net,Female,196.110.105.32
702,Urbain,Withull,uwithulljh@blogtalkradio.com,Male,123.97.24.60
703,Abner,Scully,ascullyji@si.edu,Male,87.211.41.41
704,Rebecca,Marrison,rmarrisonjj@spotify.com,Female,69.160.138.2
705,Christalle,Nertney,cnertneyjk@paginegialle.it,Genderfluid,124.109.52.88
706,Alyson,Gyngell,agyngelljl@yahoo.co.jp,Non-binary,186.184.102.17
707,Worth,Speck,wspeckjm@mac.com,Male,127.214.106.52
708,Keane,Banker,kbankerjn@yahoo.com,Male,150.178.54.11
709,Tiena,Normansell,tnormanselljo@constantcontact.com,Female,41.65.250.92
710,Anderson,Swinford,aswinfordjp@businesswire.com,Male,223.214.46.40
711,Guntar,Woodroffe,gwoodroffejq@dmoz.org,Bigender,163.160.172.1
712,Cthrine,Chastey,cchasteyjr@utexas.edu,Female,245.19.222.24
713,Berne,Benez,bbenezjs@hao123.com,Male,239.221.166.65
714,Keir,Cambell,kcambelljt@spotify.com,Male,146.91.108.236
715,Aindrea,Dryburgh,adryburghju@deliciousdays.com,Polygender,81.162.211.113
716,Debby,Hildred,dhildredjv@youtube.com,Female,191.103.243.94
717,Emmy,Boshard,eboshardjw@mediafire.com,Male,201.80.2.255
718,Solomon,Stealy,sstealyjx@123-reg.co.uk,Male,214.210.101.99
719,Kenton,Eim,keimjy@unc.edu,Male,204.104.8.181
720,Quincey,Carruthers,qcarruthersjz@privacy.gov.au,Male,111.146.150.221
721,Doro,Gullen,dgullenk0@earthlink.net,Female,46.120.52.170
722,Fiorenze,Boundey,fboundeyk1@salon.com,Female,38.176.230.222
723,Lowrance,Carabine,lcarabinek2@hp.com,Male,231.52.234.96
724,Cullan,Bryceson,cbrycesonk3@so-net.ne.jp,Male,59.56.160.183
725,Johna,Bowdon,jbowdonk4@cargocollective.com,Female,183.87.252.188
726,Roxi,Ouldred,rouldredk5@i2i.jp,Female,130.138.194.223
727,Wilmer,McDougal,wmcdougalk6@people.com.cn,Male,214.212.155.10
728,Ulysses,Flode,uflodek7@4shared.com,Male,182.98.24.215
729,Abeu,Colchett,acolchettk8@icq.com,Male,184.136.28.180
730,Nicoli,Dignan,ndignank9@usnews.com,Non-binary,140.209.161.192
731,Deane,Casse,dcasseka@netscape.com,Female,16.116.139.154
732,Reuben,Raddan,rraddankb@meetup.com,Male,214.29.142.83
733,Alexandra,Toll,atollkc@bbc.co.uk,Female,169.127.41.173
734,Myrilla,Cuttings,mcuttingskd@webeden.co.uk,Female,138.153.102.167
735,Artemus,Revie,arevieke@technorati.com,Male,10.46.47.111
736,Nev,Gilkison,ngilkisonkf@skype.com,Male,177.187.18.116
737,Yoshi,Naris,ynariskg@mit.edu,Female,100.227.233.71
738,Auguste,Philipp,aphilippkh@myspace.com,Female,228.204.150.236
739,Hope,Jeggo,hjeggoki@uiuc.edu,Female,189.97.63.221
740,Bancroft,Templar,btemplarkj@stanford.edu,Male,225.19.31.39
741,Rutter,Sandells,rsandellskk@jimdo.com,Male,83.204.135.243
742,Anna-diana,Woolnough,awoolnoughkl@globo.com,Female,229.179.45.132
743,Ivory,Croisier,icroisierkm@time.com,Female,165.12.247.129
744,Timmie,Sciacovelli,tsciacovellikn@unblog.fr,Male,192.159.10.117
745,Bathsheba,Doll,bdollko@chronoengine.com,Female,185.43.113.229
746,Kimmy,Barrington,kbarringtonkp@virginia.edu,Female,77.203.92.24
747,Gideon,Konzelmann,gkonzelmannkq@freewebs.com,Male,174.223.88.51
748,Kristofer,McCroft,kmccroftkr@wp.com,Male,158.135.103.12
749,Romona,Clegg,rcleggks@bizjournals.com,Female,141.43.52.119
750,Rockey,Bohike,rbohikekt@51.la,Male,192.87.43.215
751,Zarah,Wiltshaw,zwiltshawku@amazon.de,Female,180.214.226.179
752,Richie,Partleton,rpartletonkv@joomla.org,Male,134.163.224.239
753,Bentlee,Kettlestringes,bkettlestringeskw@omniture.com,Non-binary,1.19.65.9
754,Allistir,Vidler,avidlerkx@clickbank.net,Male,206.48.95.193
755,Andie,Dy,adyky@dmoz.org,Female,120.101.250.201
756,Berkeley,Norrington,bnorringtonkz@so-net.ne.jp,Male,99.129.212.99
757,Hedwig,Bartolomeo,hbartolomeol0@xing.com,Female,238.218.23.11
758,Hal,Lafont,hlafontl1@liveinternet.ru,Male,113.157.87.185
759,Marchall,Bywater,mbywaterl2@unesco.org,Male,16.38.124.69
760,Mimi,Syne,msynel3@huffingtonpost.com,Female,169.4.50.40
761,Paddie,Southwell,psouthwelll4@slate.com,Male,7.130.172.248
762,Lesli,Realy,lrealyl5@jugem.jp,Female,111.118.168.118
763,Darsey,Parkin,dparkinl6@gizmodo.com,Female,211.188.182.212
764,Sisile,Stanlick,sstanlickl7@printfriendly.com,Female,101.140.18.196
765,Delphine,Whetson,dwhetsonl8@webeden.co.uk,Female,122.119.102.151
766,Scotti,Alphege,salphegel9@yellowbook.com,Male,66.34.21.2
767,Romonda,Setterington,rsetteringtonla@rakuten.co.jp,Genderfluid,34.161.182.219
768,Carlos,Daulton,cdaultonlb@list-manage.com,Male,187.77.75.116
769,Matthew,Vedikhov,mvedikhovlc@indiatimes.com,Male,75.84.2.88
770,Borden,Hammor,bhammorld@ameblo.jp,Male,70.189.207.27
771,Aubry,Gounin,agouninle@mapy.cz,Female,62.54.0.157
772,Ross,Bothe,rbothelf@sourceforge.net,Male,160.204.147.77
773,Saree,Soars,ssoarslg@phpbb.com,Female,72.236.107.66
774,Aline,Dannatt,adannattlh@noaa.gov,Female,205.183.181.245
775,Inness,Nucciotti,inucciottili@nbcnews.com,Male,204.88.116.205
776,Alethea,Legate,alegatelj@smh.com.au,Genderfluid,204.181.55.73
777,Pearle,Heinz,pheinzlk@elpais.com,Female,35.118.66.35
778,Theresita,Dendon,tdendonll@census.gov,Female,113.47.234.20
779,Amelita,Kilcoyne,akilcoynelm@paginegialle.it,Female,172.83.181.239
780,Colleen,Karpeev,ckarpeevln@sfgate.com,Female,40.168.128.1
781,Oates,Spata,ospatalo@europa.eu,Male,105.205.45.44
782,Bryon,Potteril,bpotterillp@lulu.com,Male,249.62.228.174
783,Tildie,Minchenton,tminchentonlq@discuz.net,Female,191.96.94.122
784,Darrelle,Limeburner,dlimeburnerlr@gov.uk,Female,135.112.118.149
785,Kerr,Ishak,kishakls@intel.com,Agender,0.219.18.134
786,Wesley,Ruckman,wruckmanlt@desdev.cn,Male,76.136.114.251
787,Nikola,Longmore,nlongmorelu@photobucket.com,Male,175.163.82.152
788,Sven,Stubley,sstubleylv@cyberchimps.com,Male,9.133.85.128
789,Alessandro,Reis,areislw@soundcloud.com,Male,143.53.33.169
790,Coraline,Reek,creeklx@zdnet.com,Female,236.251.71.72
791,Benedetto,Van Halle,bvanhallely@bing.com,Male,161.200.127.16
792,Almeria,Fagence,afagencelz@patch.com,Female,200.60.250.61
793,Yetty,Elgar,yelgarm0@mashable.com,Female,154.117.253.198
794,Sidoney,Ughi,sughim1@t-online.de,Female,74.59.66.233
795,Angelica,Halbeard,ahalbeardm2@patch.com,Female,23.253.57.171
796,Erasmus,Parradye,eparradyem3@ibm.com,Agender,4.176.4.66
797,Malanie,Danzig,mdanzigm4@usgs.gov,Female,51.78.77.41
798,Yance,Perris,yperrism5@google.com.br,Male,62.229.30.211
799,Boothe,Collister,bcollisterm6@accuweather.com,Male,5.96.38.62
800,Frazer,Galpen,fgalpenm7@godaddy.com,Male,112.32.54.188
801,Aubrie,Ollenbuttel,aollenbuttelm8@google.nl,Female,209.43.30.205
802,Arabelle,Speere,aspeerem9@webnode.com,Female,31.1.143.25
803,Gray,Iacovozzo,giacovozzoma@ow.ly,Male,32.43.140.42
804,Ema,Gilkison,egilkisonmb@1688.com,Female,163.180.70.74
805,Marissa,Flury,mflurymc@acquirethisname.com,Female,227.118.44.190
806,Udale,Saintpierre,usaintpierremd@wikispaces.com,Male,4.66.103.226
807,Shaylyn,Halgarth,shalgarthme@pagesperso-orange.fr,Female,57.53.188.223
808,Ali,Guerola,aguerolamf@facebook.com,Genderqueer,83.37.204.244
809,Errol,Sutehall,esutehallmg@amazon.com,Male,215.101.138.169
810,Bart,Pleming,bplemingmh@homestead.com,Male,230.118.221.166
811,Ricca,Roll,rrollmi@miibeian.gov.cn,Genderqueer,149.91.210.134
812,Bev,Chellam,bchellammj@cnet.com,Polygender,97.76.9.156
813,Henryetta,Jerman,hjermanmk@amazon.de,Female,62.1.63.73
814,Teressa,Tynewell,ttynewellml@qq.com,Female,82.246.39.192
815,Sonnie,Gatheral,sgatheralmm@xrea.com,Female,144.203.194.179
816,Andree,Tuckey,atuckeymn@parallels.com,Female,222.87.59.216
817,Rosemonde,Curbishley,rcurbishleymo@cbslocal.com,Female,215.26.180.35
818,Porter,Wann,pwannmp@myspace.com,Male,135.60.11.58
819,Cedric,Heggie,cheggiemq@archive.org,Male,15.143.56.201
820,Abel,Woolsey,awoolseymr@japanpost.jp,Male,47.88.170.96
821,Jorge,Gittens,jgittensms@nba.com,Male,174.81.238.187
822,Alli,Culligan,aculliganmt@upenn.edu,Female,108.123.192.93
823,Anissa,Warratt,awarrattmu@loc.gov,Female,179.84.204.20
824,Aurelia,Van Baaren,avanbaarenmv@imgur.com,Female,215.34.174.39
825,Cyrill,Matei,cmateimw@ebay.co.uk,Male,167.188.224.232
826,Myra,Bowman,mbowmanmx@hud.gov,Female,181.214.54.71
827,Celinka,Gingles,cginglesmy@bbc.co.uk,Female,81.203.1.16
828,Garnette,Dennis,gdennismz@house.gov,Female,62.54.5.55
829,Emmaline,Callis,ecallisn0@ehow.com,Female,47.179.252.197
830,Johann,Ausello,jausellon1@sciencedirect.com,Male,160.114.255.211
831,Andeee,Sandwith,asandwithn2@geocities.com,Female,38.94.162.78
832,Geoff,Hacking,ghackingn3@tmall.com,Male,171.49.142.180
833,Dolley,Iddenden,diddendenn4@psu.edu,Female,230.208.220.181
834,Hugh,Bothen,hbothenn5@soup.io,Non-binary,25.10.143.16
835,Gerry,Stogill,gstogilln6@techcrunch.com,Male,217.123.246.16
836,Corinna,Britcher,cbritchern7@deviantart.com,Female,6.110.33.68
837,Helga,Nicholson,hnicholsonn8@engadget.com,Female,174.236.54.23
838,Nichole,Pashe,npashen9@forbes.com,Female,164.117.243.86
839,Chicky,Doyley,cdoyleyna@miibeian.gov.cn,Male,139.253.251.41
840,Konstance,Pieter,kpieternb@shinystat.com,Female,134.177.26.104
841,Kaylee,Bereford,kberefordnc@fda.gov,Female,164.77.68.214
842,Vi,Runnacles,vrunnaclesnd@163.com,Female,23.80.183.159
843,Rafferty,Fetter,rfetterne@indiegogo.com,Male,146.26.136.221
844,Sarena,Deeks,sdeeksnf@ucoz.ru,Female,57.24.82.190
845,Hobart,Dockrill,hdockrillng@state.gov,Bigender,146.148.249.187
846,Karalee,Cushworth,kcushworthnh@imdb.com,Female,243.223.33.223
847,Tanhya,Gleave,tgleaveni@discovery.com,Female,154.42.97.243
848,Dominik,Brand-Hardy,dbrandhardynj@about.com,Male,53.208.181.227
849,Traver,Brachell,tbrachellnk@usgs.gov,Male,160.215.16.147
850,Antone,Marion,amarionnl@twitpic.com,Male,169.128.240.228
851,Brynn,Gallally,bgallallynm@fc2.com,Female,22.207.18.226
852,Florian,Van Der Vlies,fvandervliesnn@simplemachines.org,Male,35.14.145.16
853,Geno,Pero,gperono@nba.com,Male,213.133.36.240
854,Dyna,Tomkiss,dtomkissnp@51.la,Female,110.125.204.170
855,Chad,Gyorgy,cgyorgynq@amazon.co.uk,Female,80.156.17.74
856,Shanon,Jurs,sjursnr@woothemes.com,Female,118.36.206.191
857,Nertie,Hainning,nhainningns@ca.gov,Female,224.45.175.187
858,Ansley,Creddon,acreddonnt@lycos.com,Bigender,109.226.168.146
859,Boycey,Abendroth,babendrothnu@phoca.cz,Male,21.245.140.217
860,Celie,Janatka,cjanatkanv@ft.com,Female,151.19.81.174
861,Phelia,Tregidga,ptregidganw@pagesperso-orange.fr,Female,207.245.125.112
862,Anselm,Abramowitz,aabramowitznx@boston.com,Male,84.98.20.105
863,Syd,Rosnau,srosnauny@cbslocal.com,Male,35.169.8.114
864,Alissa,Valero,avaleronz@cornell.edu,Female,251.52.213.20
865,Bert,Ocklin,bocklino0@a8.net,Female,47.42.95.250
866,Nollie,Batting,nbattingo1@epa.gov,Male,227.212.38.119
867,Valentine,Kissack,vkissacko2@rediff.com,Male,253.146.234.98
868,Gardy,Sibbson,gsibbsono3@unesco.org,Male,150.24.22.229
869,Sherwood,Nears,snearso4@ibm.com,Male,255.189.239.152
870,Cindy,Keuning,ckeuningo5@sina.com.cn,Genderfluid,152.185.212.135
871,Byrom,Zamora,bzamorao6@gmpg.org,Male,112.106.167.173
872,Cindee,Sommerling,csommerlingo7@usatoday.com,Female,247.143.111.190
873,Katinka,Butterfint,kbutterfinto8@npr.org,Female,17.53.201.141
874,Ameline,Raine,araineo9@columbia.edu,Female,176.150.71.191
875,Myrlene,Alabone,malaboneoa@g.co,Female,120.108.153.155
876,Elbert,Idale,eidaleob@arstechnica.com,Male,214.176.100.116
877,Chaddy,Blood,cbloodoc@opera.com,Male,182.165.88.131
878,Astrix,Warrior,awarriorod@feedburner.com,Female,204.60.220.195
879,Mahmoud,Dabrowski,mdabrowskioe@i2i.jp,Male,146.229.198.249
880,Barth,Filintsev,bfilintsevof@usgs.gov,Male,83.55.113.237
881,Jessi,Emmins,jemminsog@epa.gov,Female,32.84.120.143
882,Mitzi,Andrieu,mandrieuoh@sciencedaily.com,Female,149.234.164.59
883,Brittan,Kingaby,bkingabyoi@nifty.com,Agender,181.55.247.1
884,Gerhard,Pakenham,gpakenhamoj@instagram.com,Male,27.138.205.123
885,Monroe,Fairlaw,mfairlawok@cocolog-nifty.com,Male,77.33.216.0
886,Taite,Molson,tmolsonol@stumbleupon.com,Male,153.136.80.57
887,Mellicent,Priddie,mpriddieom@telegraph.co.uk,Female,0.82.69.148
888,Darill,Stebbings,dstebbingson@mit.edu,Male,255.254.30.130
889,Pandora,Gaize,pgaizeoo@state.gov,Female,50.138.32.22
890,Charlotta,Cowgill,ccowgillop@lulu.com,Female,20.29.60.223
891,Loydie,Silversmid,lsilversmidoq@arstechnica.com,Male,37.248.159.115
892,Reynard,Main,rmainor@ehow.com,Agender,199.49.26.223
893,Benedict,Verlander,bverlanderos@timesonline.co.uk,Male,116.145.181.13
894,Chicky,Beseke,cbesekeot@marriott.com,Female,18.182.82.89
895,Imojean,Stolze,istolzeou@hc360.com,Female,186.248.232.153
896,Freddy,Cleator,fcleatorov@ucoz.com,Agender,148.95.249.62
897,Friederike,Bosquet,fbosquetow@china.com.cn,Female,252.124.149.177
898,Jamaal,Aleshkov,jaleshkovox@arstechnica.com,Male,247.200.222.239
899,Winni,Roebuck,wroebuckoy@google.com.hk,Female,12.141.120.42
900,Burke,Knowller,bknowlleroz@purevolume.com,Male,67.90.174.117
901,Ezekiel,Lawman,elawmanp0@smh.com.au,Male,251.146.114.159
902,Nora,Grelak,ngrelakp1@noaa.gov,Female,58.117.152.71
903,Billie,Valler,bvallerp2@w3.org,Male,42.65.91.1
904,Alphonse,Baulch,abaulchp3@forbes.com,Male,40.202.98.101
905,Catharine,Ferreres,cferreresp4@go.com,Female,137.253.173.160
906,Nataline,Duny,ndunyp5@google.co.uk,Female,21.32.147.222
907,Shandy,Imloch,simlochp6@mozilla.com,Female,239.198.105.216
908,Zacharias,Denziloe,zdenziloep7@soundcloud.com,Male,219.199.228.31
909,Archie,Yakovliv,ayakovlivp8@lycos.com,Male,95.103.134.140
910,Cart,Milton,cmiltonp9@sun.com,Male,10.146.157.96
911,Ive,Fogden,ifogdenpa@google.co.jp,Male,220.35.194.103
912,Melonie,Mainson,mmainsonpb@creativecommons.org,Female,99.70.21.208
913,Kanya,Boulds,kbouldspc@discovery.com,Female,1.199.123.91
914,Umeko,Foster-Smith,ufostersmithpd@discuz.net,Genderfluid,9.237.60.47
915,Kit,Cubley,kcubleype@fema.gov,Male,205.25.144.35
916,Micheil,Bowie,mbowiepf@yellowpages.com,Male,86.151.225.98
917,Sol,Brandli,sbrandlipg@shutterfly.com,Male,15.123.96.163
918,Colas,Hilary,chilaryph@kickstarter.com,Male,182.158.209.234
919,Joelle,Jepps,jjeppspi@nationalgeographic.com,Female,160.228.218.27
920,Wade,Fiveash,wfiveashpj@wufoo.com,Male,154.252.208.139
921,Perkin,Roistone,proistonepk@cocolog-nifty.com,Male,249.74.169.66
922,Jeane,Parades,jparadespl@seattletimes.com,Female,113.200.47.237
923,Joelly,Thornham,jthornhampm@utexas.edu,Female,221.65.216.46
924,Frannie,Olyff,folyffpn@stanford.edu,Female,201.126.87.179
925,Adelina,O'Lehane,aolehanepo@newyorker.com,Female,242.186.141.74
926,Tobiah,Moggach,tmoggachpp@alexa.com,Bigender,253.199.26.166
927,Martino,Brislane,mbrislanepq@umich.edu,Male,110.187.53.115
928,Terencio,Saphir,tsaphirpr@sun.com,Male,211.47.123.23
929,Pietra,Morforth,pmorforthps@themeforest.net,Female,253.78.233.147
930,Cyril,Divisek,cdivisekpt@webeden.co.uk,Male,209.143.87.121
931,Camel,Crunkhorn,ccrunkhornpu@example.com,Non-binary,255.41.21.13
932,Chrisse,Simoni,csimonipv@pcworld.com,Male,222.152.125.126
933,Carola,Nicol,cnicolpw@columbia.edu,Female,246.221.2.122
934,Dalila,Cogdell,dcogdellpx@wikia.com,Female,138.205.42.126
935,Dalston,Cooksey,dcookseypy@typepad.com,Male,52.51.221.225
936,Grata,Agnolo,gagnolopz@pcworld.com,Female,59.153.251.130
937,Broderick,Whipple,bwhippleq0@delicious.com,Male,220.104.235.155
938,Tammy,Tessington,ttessingtonq1@narod.ru,Male,252.212.179.159
939,Harwell,Braham,hbrahamq2@symantec.com,Male,126.183.5.15
940,Giffer,Michal,gmichalq3@japanpost.jp,Male,98.251.234.165
941,Pandora,Hoyer,phoyerq4@prnewswire.com,Female,57.141.152.47
942,Ina,Jamrowicz,ijamrowiczq5@go.com,Non-binary,151.214.18.6
943,Kenton,Oris,korisq6@eepurl.com,Male,93.33.95.144
944,Laina,Russi,lrussiq7@google.com.hk,Female,48.92.110.120
945,Cassondra,Dunrige,cdunrigeq8@usatoday.com,Female,253.72.79.59
946,Fairleigh,Coult,fcoultq9@bing.com,Genderqueer,143.179.182.103
947,Giuseppe,Buncombe,gbuncombeqa@mayoclinic.com,Male,200.56.153.175
948,Adriena,Wherry,awherryqb@godaddy.com,Bigender,214.228.241.44
949,Leland,Wyrall,lwyrallqc@scientificamerican.com,Male,240.176.95.240
950,Rodrigo,Geddes,rgeddesqd@addthis.com,Male,114.48.127.228
951,Curry,Bartaletti,cbartalettiqe@miitbeian.gov.cn,Male,209.236.221.105
952,Thibaut,McQuillen,tmcquillenqf@etsy.com,Male,187.35.203.238
953,Ivy,Spilsburie,ispilsburieqg@webeden.co.uk,Female,3.165.22.159
954,Rouvin,McGrah,rmcgrahqh@wp.com,Male,102.246.181.237
955,Pascale,Malitrott,pmalitrottqi@gizmodo.com,Male,229.136.84.189
956,Dougy,Crosby,dcrosbyqj@newsvine.com,Male,68.232.125.253
957,Victor,Goch,vgochqk@wordpress.com,Male,119.19.77.99
958,Diarmid,Ruusa,druusaql@list-manage.com,Male,220.20.244.249
959,Mahmoud,Shinn,mshinnqm@soup.io,Male,5.89.71.105
960,Curtis,Soloway,csolowayqn@miibeian.gov.cn,Male,117.188.239.193
961,Keri,Antos,kantosqo@illinois.edu,Female,22.119.148.84
962,Dan,Stanion,dstanionqp@java.com,Male,148.44.42.87
963,Guenevere,Eliaz,geliazqq@hibu.com,Female,253.222.185.81
964,Claribel,Gleasane,cgleasaneqr@gov.uk,Female,75.60.10.200
965,Dagmar,Skingle,dskingleqs@ihg.com,Female,195.27.3.89
966,My,Rydeard,mrydeardqt@bizjournals.com,Male,9.226.168.185
967,Engelbert,Eveleigh,eeveleighqu@mayoclinic.com,Non-binary,205.250.224.207
968,Pascal,Strowger,pstrowgerqv@ebay.com,Male,111.117.177.26
969,Lyndell,Adamsky,ladamskyqw@1und1.de,Female,196.94.70.215
970,Danette,Willsmore,dwillsmoreqx@washingtonpost.com,Female,174.53.59.77
971,Caroline,Stokell,cstokellqy@twitpic.com,Female,212.33.92.11
972,Stesha,Melbourn,smelbournqz@mayoclinic.com,Female,199.81.101.24
973,Theresina,Pegrum,tpegrumr0@artisteer.com,Female,170.93.0.182
974,Tarah,Westney,twestneyr1@hc360.com,Genderfluid,137.216.178.75
975,Guenna,Gavin,ggavinr2@yelp.com,Female,206.214.157.141
976,Wallie,Blackeby,wblackebyr3@netvibes.com,Male,60.71.142.175
977,Amandi,Aleksahkin,aaleksahkinr4@delicious.com,Female,213.241.14.80
978,Olympia,Piele,opieler5@hp.com,Agender,151.123.18.227
979,Lani,Crown,lcrownr6@arizona.edu,Bigender,41.160.159.197
980,Somerset,Iskow,siskowr7@cloudflare.com,Male,102.72.113.214
981,Lila,Guitel,lguitelr8@sfgate.com,Non-binary,201.71.30.117
982,Sabina,Handmore,shandmorer9@parallels.com,Female,226.18.63.175
983,Torrence,Allon,tallonra@delicious.com,Polygender,42.172.144.92
984,Paquito,Lankford,plankfordrb@angelfire.com,Male,147.114.210.87
985,Abramo,Fossord,afossordrc@ca.gov,Male,66.255.179.174
986,Guillermo,Pomroy,gpomroyrd@aboutads.info,Male,138.120.208.11
987,Kristofer,Henrique,khenriquere@github.io,Male,188.157.47.204
988,Grace,O'Cannavan,gocannavanrf@prweb.com,Male,164.109.201.74
989,Gray,Hallybone,ghallybonerg@oaic.gov.au,Male,36.251.63.8
990,Sibylla,Busain,sbusainrh@baidu.com,Female,65.58.71.77
991,Mandel,Cousins,mcousinsri@xrea.com,Non-binary,89.141.119.164
992,Tommie,McRory,tmcroryrj@ifeng.com,Female,200.176.164.17
993,Norbert,Payton,npaytonrk@paginegialle.it,Male,198.28.140.217
994,Perry,Hunsworth,phunsworthrl@vimeo.com,Female,233.70.66.142
995,Ava,Rome,aromerm@nih.gov,Female,95.83.159.242
996,Evin,Cull,ecullrn@github.io,Genderfluid,184.180.119.182
997,Candra,Yakunchikov,cyakunchikovro@pbs.org,Female,8.27.133.210
998,Gregoire,Agirre,gagirrerp@360.cn,Male,57.140.46.142
999,Port,Seyffert,pseyffertrq@state.gov,Male,218.156.185.116
1000,Arnoldo,Linger,alingerrr@chronoengine.com,Male,9.147.148.220
